l,d,CD_type,mem_type,eta,p,total_shots,total_logical_errors_pycorr,total_logical_errors_my_corr,num_chunks_found,total_elapsed_seconds,ler_pycorr,ler_my_corr
3,9,ZXXZonSqu,X,0.5,0.0031622776601683,100000,21,12,100,6003.517205,0.00021,0.00012
3,9,ZXXZonSqu,X,0.5,0.0050118723362727,100000,217,247,100,7912.788054,0.00217,0.00247
3,9,ZXXZonSqu,X,0.5,0.0079432823472428,100000,2414,2452,100,9906.965614,0.02414,0.02452
3,9,ZXXZonSqu,X,1.0,0.0031622776601683,100000,13,16,100,6227.977756,0.00013,0.00016
3,9,ZXXZonSqu,X,1.0,0.0050118723362727,100000,179,171,100,7530.756468,0.00179,0.00171
3,9,ZXXZonSqu,X,1.0,0.0079432823472428,100000,1929,1981,100,9933.581441,0.01929,0.01981
3,9,ZXXZonSqu,X,5.0,0.0031622776601683,100000,7,7,100,5926.508299,7e-05,7e-05
3,9,ZXXZonSqu,X,5.0,0.0050118723362727,100000,94,105,100,7141.907391,0.00094,0.00105
3,9,ZXXZonSqu,X,5.0,0.0079432823472428,100000,1115,1070,100,9430.904803,0.01115,0.0107
